transaction_date,symboling,normalized-losses,make,num-of-doors,wheel-base,length,width,height,curb-weight,num-of-cylinders,engine-size,bore,stroke,compression-ratio,horsepower,peak-rpm,city-mpg,highway-mpg,price,city-L/100km,horsepower-binned,diesel,gas,horsepower_scaled,make_freq,body-style_convertible,body-style_hardtop,body-style_hatchback,body-style_sedan,body-style_wagon,drive-wheels_4wd,drive-wheels_awd,drive-wheels_fwd,drive-wheels_rwd,aspiration_std,aspiration_turbo,engine-type_dohc,engine-type_l,engine-type_ohc,engine-type_ohcf,engine-type_ohcv,engine-type_rotor,engine-location_front,engine-location_rear,fuel-system_1bbl,fuel-system_2bbl,fuel-system_4bbl,fuel-system_idi,fuel-system_mfi,fuel-system_mpfi,fuel-system_spdi,fuel-system_spfi
2025-01-01,3,122,alfa-romero,two,88.6,0.8111484863046613,0.8902777777777777,48.8,2548,four,130,3.47,2.68,9.0,111.0,5000.0,21,27,13495.0,11.190476190476188,medium,0,1,0.29439252336448596,3,1,0,0,0,0,0,0,0,1,1,0,1,0,0,0,0,0,1,0,0,0,0,0,0,1,0,0
2025-01-02,3,122,alfa-romero,two,88.6,0.8111484863046613,0.8902777777777777,48.8,2548,four,130,3.47,2.68,9.0,111.0,5000.0,21,27,16500.0,11.190476190476188,medium,0,1,0.29439252336448596,3,1,0,0,0,0,0,0,0,1,1,0,1,0,0,0,0,0,1,0,0,0,0,0,0,1,0,0
2025-03-01,1,122,alfa-romero,two,94.5,0.8226814031715521,0.9097222222222222,52.4,2823,six,152,2.68,3.47,9.0,154.0,5000.0,19,26,16500.0,12.36842105263158,medium,0,1,0.4953271028037383,3,0,0,1,0,0,0,0,0,1,1,0,0,0,0,0,1,0,1,0,0,0,0,0,0,1,0,0
2025-01-04,2,164,audi,four,99.8,0.8486304661220567,0.9194444444444444,54.3,2337,four,109,3.19,3.4,10.0,102.0,5500.0,24,30,13950.0,9.791666666666666,medium,0,1,0.2523364485981308,7,0,0,0,1,0,0,0,1,0,1,0,0,0,1,0,0,0,1,0,0,0,0,0,0,1,0,0
2025-05-01,2,164,audi,four,99.4,0.8486304661220567,0.9222222222222224,54.3,2824,five,136,3.19,3.4,8.0,115.0,5500.0,18,22,17450.0,13.055555555555555,medium,0,1,0.3130841121495327,7,0,0,0,1,0,1,0,0,0,1,0,0,0,1,0,0,0,1,0,0,0,0,0,0,1,0,0
2025-01-06,2,122,audi,two,99.8,0.8519942335415667,0.9208333333333332,53.1,2507,five,136,3.19,3.4,8.5,110.0,5500.0,19,25,15250.0,12.36842105263158,medium,0,1,0.2897196261682243,7,0,0,0,1,0,0,0,1,0,1,0,0,0,1,0,0,0,1,0,0,0,0,0,0,1,0,0
2025-07-01,1,158,audi,four,105.8,0.9259971167707832,0.9916666666666668,55.7,2844,five,136,3.19,3.4,8.5,110.0,5500.0,19,25,17710.0,12.36842105263158,medium,0,1,0.2897196261682243,7,0,0,0,1,0,0,0,1,0,1,0,0,0,1,0,0,0,1,0,0,0,0,0,0,1,0,0
2025-01-08,1,122,audi,four,105.8,0.9259971167707832,0.9916666666666668,55.7,2954,five,136,3.19,3.4,8.5,110.0,5500.0,19,25,18920.0,12.36842105263158,medium,0,1,0.2897196261682243,7,0,0,0,0,1,0,0,1,0,1,0,0,0,1,0,0,0,1,0,0,0,0,0,0,1,0,0
2025-09-01,1,158,audi,four,105.8,0.9259971167707832,0.9916666666666668,55.9,3086,five,131,3.13,3.4,8.3,140.0,5500.0,17,20,23875.0,13.823529411764708,medium,0,1,0.42990654205607476,7,0,0,0,1,0,0,0,1,0,0,1,0,0,1,0,0,0,1,0,0,0,0,0,0,1,0,0
2025-01-10,2,192,bmw,two,101.2,0.8495915425276309,0.8999999999999999,54.3,2395,four,108,3.5,2.8,8.8,101.0,5800.0,23,29,16430.0,10.217391304347826,low,0,1,0.24766355140186916,9,0,0,0,1,0,0,0,0,1,1,0,0,0,1,0,0,0,1,0,0,0,0,0,0,1,0,0
2025-11-01,0,192,bmw,four,101.2,0.8495915425276309,0.8999999999999999,54.3,2395,four,108,3.5,2.8,8.8,101.0,5800.0,23,29,10270.0,10.217391304347826,low,0,1,0.24766355140186916,9,0,0,0,1,0,0,0,0,1,1,0,0,0,1,0,0,0,1,0,0,0,0,0,0,1,0,0
2025-01-12,0,188,bmw,two,101.2,0.8495915425276309,0.8999999999999999,54.3,2710,six,164,3.31,3.19,9.0,121.0,4250.0,21,28,20970.0,11.190476190476188,medium,0,1,0.3411214953271028,9,0,0,0,1,0,0,0,0,1,1,0,0,0,1,0,0,0,1,0,0,0,0,0,0,1,0,0
2025-01-13,0,188,bmw,four,101.2,0.8495915425276309,0.8999999999999999,54.3,2765,six,164,3.31,3.19,9.0,121.0,4250.0,21,28,21105.0,11.190476190476188,medium,0,1,0.3411214953271028,9,0,0,0,1,0,0,1,0,0,1,0,0,0,1,0,0,0,1,0,0,0,0,0,0,1,0,0
2025-01-14,1,122,bmw,four,103.5,0.9082172032676598,0.9291666666666668,55.7,3055,six,164,3.31,3.19,9.0,121.0,4250.0,20,25,24565.0,11.75,medium,0,1,0.3411214953271028,9,0,0,0,1,0,0,0,0,1,1,0,0,0,1,0,0,0,1,0,0,0,0,0,0,1,0,0
2025-01-15,0,122,bmw,four,103.5,0.9082172032676598,0.9291666666666668,55.7,3230,six,209,3.62,3.39,8.0,182.0,5400.0,16,22,30760.0,14.6875,high,0,1,0.6261682242990654,9,0,0,0,1,0,0,0,0,1,1,0,0,0,1,0,0,0,1,0,0,0,0,0,0,1,0,0
2025-01-16,0,122,bmw,four,103.5,0.9312830370014415,0.9430555555555556,53.7,3380,six,209,3.62,3.39,8.0,182.0,5400.0,16,22,41315.0,14.6875,high,0,1,0.6261682242990654,9,0,0,0,1,0,0,0,0,1,1,0,0,0,1,0,0,0,1,0,0,0,0,0,0,1,0,0
2025-01-17,0,122,bmw,four,110.0,0.9466602594906296,0.9847222222222224,56.3,3505,six,209,3.62,3.39,8.0,182.0,5400.0,15,20,36880.0,15.666666666666664,high,0,1,0.6261682242990654,9,0,0,0,1,0,0,0,0,1,1,0,0,0,1,0,0,0,1,0,0,0,0,0,0,1,0,0
2025-01-18,2,121,chevrolet,two,88.4,0.6780394041326285,0.8374999999999999,53.2,1488,three,61,2.91,3.03,9.5,48.0,5100.0,47,53,5151.0,5.0,low,0,1,0.0,3,0,0,1,0,0,0,0,1,0,1,0,0,1,0,0,0,0,1,0,0,1,0,0,0,0,0,0
2025-01-19,1,98,chevrolet,two,94.5,0.7491590581451226,0.8833333333333333,52.0,1874,four,90,3.03,3.11,9.6,70.0,5400.0,38,43,6295.0,6.184210526315789,low,0,1,0.102803738317757,3,0,0,1,0,0,0,0,1,0,1,0,0,0,1,0,0,0,1,0,0,0,0,0,0,1,0,0
2025-01-20,0,81,chevrolet,four,94.5,0.7630946660259491,0.8833333333333333,52.0,1909,four,90,3.03,3.11,9.6,70.0,5400.0,38,43,6575.0,6.184210526315789,low,0,1,0.102803738317757,3,0,0,0,1,0,0,0,1,0,1,0,0,0,1,0,0,0,1,0,0,1,0,0,0,0,0,0
2025-01-21,1,118,dodge,two,93.7,0.7558865929841423,0.8861111111111111,50.8,1876,four,90,2.97,3.23,9.41,95.0,5500.0,37,41,5572.0,6.351351351351353,low,0,1,0.21962616822429906,9,0,0,1,0,0,0,0,1,0,1,0,0,0,1,0,0,0,1,0,0,1,0,0,0,0,0,0
2025-01-22,1,118,dodge,two,93.7,0.7558865929841423,0.8861111111111111,50.8,1876,four,90,2.97,3.23,9.4,68.0,5500.0,31,38,6377.0,7.580645161290323,low,0,1,0.09345794392523364,9,0,0,1,0,0,0,0,1,0,1,0,0,0,1,0,0,0,1,0,0,1,0,0,0,0,0,0
2025-01-23,1,118,dodge,two,93.7,0.7558865929841423,0.8861111111111111,50.8,2128,four,98,3.03,3.39,7.6,102.0,5500.0,24,30,7957.0,9.791666666666666,medium,0,1,0.2523364485981308,9,0,0,1,0,0,0,0,1,0,0,1,0,0,1,0,0,0,1,0,0,0,0,0,0,1,0,0
2025-01-24,1,148,dodge,four,93.7,0.7558865929841423,0.8861111111111111,50.6,1967,four,90,2.97,3.23,9.4,68.0,5500.0,31,38,6229.0,7.580645161290323,low,0,1,0.09345794392523364,9,0,0,1,0,0,0,0,1,0,1,0,0,0,1,0,0,0,1,0,0,1,0,0,0,0,0,0
2025-01-25,1,148,dodge,four,93.7,0.7558865929841423,0.8861111111111111,50.6,1989,four,90,2.97,3.23,9.4,68.0,5500.0,31,38,6692.0,7.580645161290323,low,0,1,0.09345794392523364,9,0,0,0,1,0,0,0,1,0,1,0,0,0,1,0,0,0,1,0,0,1,0,0,0,0,0,0
2025-01-26,1,148,dodge,four,93.7,0.7558865929841423,0.8861111111111111,50.6,1989,four,90,2.97,3.23,9.4,68.0,5500.0,31,38,7609.0,7.580645161290323,low,0,1,0.09345794392523364,9,0,0,0,1,0,0,0,1,0,1,0,0,0,1,0,0,0,1,0,0,1,0,0,0,0,0,0
2025-01-27,1,148,dodge,four,93.7,0.7558865929841423,0.8861111111111111,50.6,2191,four,98,3.03,3.39,7.6,102.0,5500.0,24,30,8558.0,9.791666666666666,medium,0,1,0.2523364485981308,9,0,0,0,1,0,0,0,1,0,0,1,0,0,1,0,0,0,1,0,0,0,0,0,0,1,0,0
2025-01-28,-1,110,dodge,four,103.3,0.8390197020663143,0.8972222222222221,59.8,2535,four,122,3.34,3.46,8.5,88.0,5000.0,24,30,8921.0,9.791666666666666,low,0,1,0.18691588785046728,9,0,0,0,0,1,0,0,1,0,1,0,0,0,1,0,0,0,1,0,0,1,0,0,0,0,0,0
2025-01-29,3,145,dodge,two,95.9,0.8322921672272945,0.9208333333333332,50.2,2811,four,156,3.6,3.9,7.0,145.0,5000.0,19,24,12964.0,12.36842105263158,medium,0,1,0.4532710280373832,9,0,0,1,0,0,0,0,1,0,0,1,0,0,1,0,0,0,1,0,0,0,0,0,1,0,0,0
2025-01-30,2,137,honda,two,86.6,0.6948582412301778,0.8875,50.8,1713,four,92,2.91,3.41,9.6,58.0,4800.0,49,54,6479.0,4.795918367346938,low,0,1,0.04672897196261682,12,0,0,1,0,0,0,0,1,0,1,0,0,0,1,0,0,0,1,0,1,0,0,0,0,0,0,0
2025-01-31,2,137,audi,two,86.6,0.6948582412301778,0.8875,50.8,1819,four,92,2.91,3.41,9.2,76.0,6000.0,31,38,6855.0,7.580645161290323,low,0,1,0.1308411214953271,7,0,0,1,0,0,0,0,1,0,1,0,0,0,1,0,0,0,1,0,1,0,0,0,0,0,0,0
2025-02-01,1,101,honda,two,93.7,0.7208073041806824,0.8888888888888888,52.6,1837,four,79,2.91,3.07,10.1,60.0,5500.0,38,42,5399.0,6.184210526315789,low,0,1,0.056074766355140186,12,0,0,1,0,0,0,0,1,0,1,0,0,0,1,0,0,0,1,0,1,0,0,0,0,0,0,0
2025-02-02,1,101,honda,two,93.7,0.7208073041806824,0.8888888888888888,52.6,1940,four,92,2.91,3.41,9.2,76.0,6000.0,30,34,6529.0,7.833333333333332,low,0,1,0.1308411214953271,12,0,0,1,0,0,0,0,1,0,1,0,0,0,1,0,0,0,1,0,1,0,0,0,0,0,0,0
2025-02-03,1,101,honda,two,93.7,0.7208073041806824,0.8888888888888888,52.6,1956,four,92,2.91,3.41,9.2,76.0,6000.0,30,34,7129.0,7.833333333333332,low,0,1,0.1308411214953271,12,0,0,1,0,0,0,0,1,0,1,0,0,0,1,0,0,0,1,0,1,0,0,0,0,0,0,0
2025-04-02,0,110,honda,four,96.5,0.7851994233541567,0.8888888888888888,54.5,2010,four,92,2.91,3.41,9.2,76.0,6000.0,30,34,7295.0,7.833333333333332,low,0,1,0.1308411214953271,12,0,0,0,1,0,0,0,1,0,1,0,0,0,1,0,0,0,1,0,1,0,0,0,0,0,0,0
2025-02-05,0,78,honda,four,96.5,0.7549255165785679,0.8875,58.3,2024,four,92,2.92,3.41,9.2,76.0,6000.0,30,34,10270.0,7.833333333333332,low,0,1,0.1308411214953271,12,0,0,0,0,1,0,0,1,0,1,0,0,0,1,0,0,0,1,0,1,0,0,0,0,0,0,0
2025-06-02,0,106,honda,two,96.5,0.8049014896684287,0.9055555555555556,53.3,2236,four,110,3.15,3.58,9.0,86.0,5800.0,27,33,7895.0,8.703703703703704,low,0,1,0.17757009345794392,12,0,0,1,0,0,0,0,1,0,1,0,0,0,1,0,0,0,1,0,1,0,0,0,0,0,0,0
2025-02-07,0,106,honda,two,96.5,0.8049014896684287,0.9055555555555556,53.3,2289,four,110,3.15,3.58,9.0,86.0,5800.0,27,33,9095.0,8.703703703703704,low,0,1,0.17757009345794392,12,0,0,1,0,0,0,0,1,0,1,0,0,0,1,0,0,0,1,0,1,0,0,0,0,0,0,0
2025-08-02,0,85,honda,four,96.5,0.8428640076886112,0.9055555555555556,54.1,2304,four,110,3.15,3.58,9.0,86.0,5800.0,27,33,8845.0,8.703703703703704,low,0,1,0.17757009345794392,12,0,0,0,1,0,0,0,1,0,1,0,0,0,1,0,0,0,1,0,1,0,0,0,0,0,0,0
2025-02-09,0,85,honda,four,96.5,0.8428640076886112,0.8680555555555556,54.1,2372,four,110,3.15,3.58,9.0,86.0,5800.0,27,33,10295.0,8.703703703703704,low,0,1,0.17757009345794392,12,0,0,0,1,0,0,0,1,0,1,0,0,0,1,0,0,0,1,0,1,0,0,0,0,0,0,0
,0,85,honda,four,96.5,0.8428640076886112,0.9055555555555556,54.1,2465,four,110,3.15,3.58,9.0,101.0,5800.0,24,28,12945.0,9.791666666666666,low,0,1,0.24766355140186916,12,0,0,0,1,0,0,0,1,0,1,0,0,0,1,0,0,0,1,0,0,0,0,0,0,1,0,0
2025-02-11,1,107,honda,two,96.5,0.8125901009130225,0.9166666666666666,51.0,2293,four,110,3.15,3.58,9.1,100.0,5500.0,25,31,10345.0,9.4,low,0,1,0.24299065420560748,12,0,0,0,1,0,0,0,1,0,1,0,0,0,1,0,0,0,1,0,0,1,0,0,0,0,0,0
2025-12-02,0,122,isuzu,four,94.3,0.8202787121576165,0.8583333333333333,53.5,2337,four,111,3.31,3.23,8.5,78.0,4800.0,24,29,6785.0,9.791666666666666,low,0,1,0.14018691588785046,2,0,0,0,1,0,0,0,0,1,1,0,0,0,1,0,0,0,1,0,0,1,0,0,0,0,0,0
2025-02-13,2,122,isuzu,two,96.0,0.8294089380105718,0.9055555555555556,51.4,2734,four,119,3.43,3.23,9.2,90.0,5000.0,24,29,11048.0,9.791666666666666,low,0,1,0.19626168224299065,2,0,0,1,0,0,0,0,0,1,1,0,0,0,1,0,0,0,1,0,0,0,0,0,0,0,0,1
2025-02-14,0,145,jaguar,four,113.0,0.9591542527630946,0.9666666666666666,52.8,4066,six,258,3.63,4.17,8.1,176.0,4750.0,15,19,32250.0,15.666666666666664,high,0,1,0.5981308411214953,3,0,0,0,1,0,0,0,0,1,1,0,1,0,0,0,0,0,1,0,0,0,0,0,0,1,0,0
2025-02-15,0,122,jaguar,four,113.0,0.9591542527630946,0.9666666666666666,52.8,4066,six,258,3.63,4.17,8.1,176.0,4750.0,15,19,35550.0,15.666666666666664,high,0,1,0.5981308411214953,3,0,0,0,1,0,0,0,0,1,1,0,1,0,0,0,0,0,1,0,0,0,0,0,0,1,0,0
2025-02-16,0,122,jaguar,two,102.0,0.921191734742912,0.9805555555555556,47.8,3950,twelve,326,3.54,2.76,11.5,262.0,5000.0,13,17,36000.0,18.07692307692308,,0,1,1.0,3,0,0,0,1,0,0,0,0,1,1,0,0,0,0,0,1,0,1,0,0,0,0,0,0,1,0,0
2025-02-17,1,104,mazda,two,93.1,0.7645362806343105,0.8916666666666667,54.1,1890,four,91,3.03,3.15,9.0,68.0,5000.0,30,31,5195.0,7.833333333333332,low,0,1,0.09345794392523364,17,0,0,1,0,0,0,0,1,0,1,0,0,0,1,0,0,0,1,0,0,1,0,0,0,0,0,0
2025-02-18,1,104,mazda,two,93.1,0.7645362806343105,0.8916666666666667,54.1,1900,four,91,3.03,3.15,9.0,68.0,5000.0,31,38,6095.0,7.580645161290323,low,0,1,0.09345794392523364,17,0,0,1,0,0,0,0,1,0,1,0,0,0,1,0,0,0,1,0,0,1,0,0,0,0,0,0
2025-02-19,1,104,mazda,two,93.1,0.7645362806343105,0.8916666666666667,54.1,1905,four,91,3.03,3.15,9.0,68.0,5000.0,31,38,6795.0,7.580645161290323,low,0,1,0.09345794392523364,17,0,0,1,0,0,0,0,1,0,1,0,0,0,1,0,0,0,1,0,0,1,0,0,0,0,0,0
2025-02-20,1,113,mazda,four,93.1,0.8015377222489188,0.8916666666666667,54.1,1945,four,91,3.03,3.15,9.0,68.0,5000.0,31,38,6695.0,7.580645161290323,low,0,1,0.09345794392523364,17,0,0,0,1,0,0,0,0,1,1,0,0,0,1,0,0,0,1,0,0,1,0,0,0,0,0,0
2025-02-21,1,113,mazda,four,93.1,0.8015377222489188,0.8916666666666667,54.1,1950,four,91,3.08,3.15,9.0,68.0,5000.0,31,38,7395.0,7.580645161290323,low,0,1,0.09345794392523364,17,0,0,0,1,0,0,0,1,0,1,0,0,0,1,0,0,0,1,0,0,1,0,0,0,0,0,0
2025-02-22,3,150,mazda,two,95.3,0.8121095627102355,0.9125,49.6,2380,two,70,3.329751243781096,3.29,9.4,101.0,6000.0,17,23,10945.0,13.823529411764708,low,0,1,0.24766355140186916,17,0,0,1,0,0,0,0,0,1,1,0,0,0,0,0,0,1,1,0,0,0,1,0,0,0,0,0
2025-02-23,3,150,mazda,two,95.3,0.8121095627102355,0.9125,49.6,2380,two,70,3.329751243781096,3.29,9.4,101.0,6000.0,17,23,11845.0,13.823529411764708,low,0,1,0.24766355140186916,17,0,0,1,0,0,0,0,0,1,1,0,0,0,0,0,0,1,1,0,0,0,1,0,0,0,0,0
2025-02-24,3,150,mazda,two,95.3,0.8121095627102355,0.9125,49.6,2385,two,70,3.329751243781096,3.29,9.4,101.0,6000.0,17,23,13645.0,13.823529411764708,low,0,1,0.24766355140186916,17,0,0,1,0,0,0,0,0,1,1,0,0,0,0,0,0,1,1,0,0,0,1,0,0,0,0,0
2025-02-25,3,150,mazda,two,95.3,0.8121095627102355,0.9125,49.6,2500,two,80,3.329751243781096,3.29,9.4,95.0,6000.0,16,23,15645.0,14.6875,medium,0,1,0.21962616822429906,17,0,0,1,0,0,0,0,0,1,1,0,0,0,0,0,0,1,1,0,0,0,0,0,0,1,0,0
2025-02-26,1,129,mazda,two,98.8,0.8543969245555022,0.9236111111111112,53.7,2385,four,122,3.39,3.39,8.6,84.0,4800.0,26,32,8845.0,9.038461538461537,low,0,1,0.16822429906542055,17,0,0,1,0,0,0,0,1,0,1,0,0,0,1,0,0,0,1,0,0,1,0,0,0,0,0,0
2025-02-27,0,115,mazda,four,98.8,0.8543969245555022,0.9236111111111112,55.5,2410,four,122,3.39,3.39,8.6,84.0,4800.0,26,32,8495.0,9.038461538461537,low,0,1,0.16822429906542055,17,0,0,0,1,0,0,0,1,0,1,0,0,0,1,0,0,0,1,0,0,1,0,0,0,0,0,0
2025-02-28,1,129,mazda,two,98.8,0.8543969245555022,0.9236111111111112,53.7,2385,four,122,3.39,3.39,8.6,84.0,4800.0,26,32,10595.0,9.038461538461537,low,0,1,0.16822429906542055,17,0,0,1,0,0,0,0,1,0,1,0,0,0,1,0,0,0,1,0,0,1,0,0,0,0,0,0
2025-03-01,0,115,mazda,four,98.8,0.8543969245555022,0.9236111111111112,55.5,2410,four,122,3.39,3.39,8.6,84.0,4800.0,26,32,10245.0,9.038461538461537,low,0,1,0.16822429906542055,17,0,0,0,1,0,0,0,1,0,1,0,0,0,1,0,0,0,1,0,0,1,0,0,0,0,0,0
2025-02-03,0,122,mazda,four,98.8,0.8543969245555022,0.9236111111111112,55.5,2443,four,122,3.39,3.39,22.7,64.0,4650.0,36,42,10795.0,6.527777777777778,low,1,0,0.07476635514018691,17,0,0,0,1,0,0,0,1,0,1,0,0,0,1,0,0,0,1,0,0,0,0,1,0,0,0,0
2025-03-03,0,115,mazda,four,98.8,0.8543969245555022,0.9236111111111112,55.5,2425,four,122,3.39,3.39,8.6,84.0,4800.0,26,32,11245.0,9.038461538461537,low,0,1,0.16822429906542055,17,0,0,1,0,0,0,0,1,0,1,0,0,0,1,0,0,0,1,0,0,1,0,0,0,0,0,0
2025-04-03,0,118,mazda,four,104.9,0.8409418548774628,0.9180555555555556,54.4,2670,four,140,3.76,3.16,8.0,120.0,5000.0,19,27,18280.0,12.36842105263158,medium,0,1,0.3364485981308411,17,0,0,0,1,0,0,0,0,1,1,0,0,0,1,0,0,0,1,0,0,0,0,0,0,1,0,0
2025-03-05,0,122,mazda,four,104.9,0.8409418548774628,0.9180555555555556,54.4,2700,four,134,3.43,3.64,22.0,72.0,4200.0,31,39,18344.0,7.580645161290323,low,1,0,0.11214953271028037,17,0,0,0,1,0,0,0,0,1,1,0,0,0,1,0,0,0,1,0,0,0,0,1,0,0,0,0
2025-06-03,-1,93,mercedes-benz,four,110.0,0.9173474291206152,0.9763888888888888,56.5,3515,five,183,3.58,3.64,21.5,123.0,4350.0,22,25,25552.0,10.681818181818182,medium,1,0,0.35046728971962615,8,0,0,0,1,0,0,0,0,1,0,1,0,0,1,0,0,0,1,0,0,0,0,1,0,0,0,0
2025-03-07,-1,93,mercedes-benz,four,110.0,0.9173474291206152,0.9763888888888888,58.7,3750,five,183,3.58,3.64,21.5,123.0,4350.0,22,25,28248.0,10.681818181818182,medium,1,0,0.35046728971962615,8,0,0,0,0,1,0,0,0,1,0,1,0,0,1,0,0,0,1,0,0,0,0,0,0,1,0,0
2025-08-03,0,93,mercedes-benz,two,106.7,0.9010091302258528,0.9763888888888888,54.9,3495,five,183,3.58,3.64,21.5,123.0,4350.0,22,25,28176.0,10.681818181818182,medium,1,0,0.35046728971962615,8,0,1,0,0,0,0,0,0,1,0,1,0,0,1,0,0,0,1,0,0,0,0,1,0,0,0,0
2025-03-09,-1,93,mercedes-benz,four,115.6,0.9735703988467084,0.9958333333333332,56.3,3770,five,183,3.58,3.64,21.5,123.0,4350.0,22,25,31600.0,10.681818181818182,medium,1,0,0.35046728971962615,8,0,0,0,1,0,0,0,0,1,0,1,0,0,1,0,0,0,1,0,0,0,0,1,0,0,0,0
2025-10-03,-1,122,mercedes-benz,four,115.6,0.9735703988467084,0.9958333333333332,56.5,3740,eight,234,3.46,3.1,8.3,155.0,4750.0,16,18,34184.0,14.6875,medium,0,1,0.5,8,0,0,0,1,0,0,0,0,1,1,0,0,0,0,0,1,0,1,0,0,0,0,0,0,1,0,0
2025-03-11,3,142,mercedes-benz,two,96.6,0.8664103796251803,0.9791666666666666,50.8,3685,eight,234,3.46,3.1,8.3,155.0,4750.0,16,18,35056.0,14.6875,medium,0,1,0.5,8,1,0,0,0,0,0,0,0,1,1,0,0,0,0,0,1,0,1,0,0,0,0,0,0,1,0,0
2025-12-03,0,122,mercedes-benz,four,120.9,1.0,0.9958333333333332,56.7,3900,eight,308,3.8,3.35,8.0,184.0,4500.0,14,16,40960.0,16.785714285714285,high,0,1,0.6355140186915887,8,0,0,0,1,0,0,0,0,1,1,0,0,0,0,0,1,0,1,0,0,0,0,0,0,1,0,0
2025-03-13,1,122,mercedes-benz,two,112.0,0.957232099951946,1.0,55.4,3715,eight,304,3.8,3.35,8.0,184.0,4500.0,14,16,45400.0,16.785714285714285,high,0,1,0.6355140186915887,8,0,1,0,0,0,0,0,0,1,1,0,0,0,0,0,1,0,1,0,0,0,0,0,0,1,0,0
2025-03-14,1,122,mercury,two,102.7,0.8572801537722249,0.9444444444444444,54.8,2910,four,140,3.78,3.12,8.0,175.0,5000.0,19,24,16503.0,12.36842105263158,high,0,1,0.5934579439252337,1,0,0,1,0,0,0,0,0,1,0,1,0,0,1,0,0,0,1,0,0,0,0,0,0,1,0,0
2025-03-15,2,161,mitsubishi,two,93.7,0.7558865929841423,0.8944444444444445,50.8,1918,four,92,2.97,3.23,9.4,68.0,5500.0,37,41,5389.0,6.351351351351353,low,0,1,0.09345794392523364,12,0,0,1,0,0,0,0,1,0,1,0,0,0,1,0,0,0,1,0,0,1,0,0,0,0,0,0
2025-03-16,2,161,mitsubishi,two,93.7,0.7558865929841423,0.8944444444444445,50.8,1944,four,92,2.97,3.23,9.4,68.0,5500.0,31,38,6189.0,7.580645161290323,low,0,1,0.09345794392523364,12,0,0,1,0,0,0,0,1,0,1,0,0,0,1,0,0,0,1,0,0,1,0,0,0,0,0,0
2025-03-17,2,161,bmw,two,93.7,0.7558865929841423,0.8944444444444445,50.8,2004,four,92,2.97,3.23,9.4,68.0,5500.0,31,38,6669.0,7.580645161290323,low,0,1,0.09345794392523364,9,0,0,1,0,0,0,0,1,0,1,0,0,0,1,0,0,0,1,0,0,1,0,0,0,0,0,0
2025-03-18,1,161,mitsubishi,two,93.0,0.7558865929841423,0.8861111111111111,50.8,2145,four,98,3.03,3.39,7.6,102.0,5500.0,24,30,7689.0,9.791666666666666,medium,0,1,0.2523364485981308,12,0,0,1,0,0,0,0,1,0,0,1,0,0,1,0,0,0,1,0,0,0,0,0,0,0,1,0
2025-03-19,3,153,mitsubishi,two,96.3,0.8313310908217203,0.9083333333333334,49.4,2370,four,110,3.17,3.46,7.5,116.0,5500.0,23,30,9959.0,10.217391304347826,medium,0,1,0.3177570093457944,12,0,0,1,0,0,0,0,1,0,0,1,0,0,1,0,0,0,1,0,0,0,0,0,0,0,1,0
2025-03-20,3,153,mitsubishi,two,96.3,0.8313310908217203,0.9083333333333334,49.4,2328,four,122,3.35,3.46,8.5,88.0,5000.0,25,32,8499.0,9.4,low,0,1,0.18691588785046728,12,0,0,1,0,0,0,0,1,0,1,0,0,0,1,0,0,0,1,0,0,1,0,0,0,0,0,0
2025-03-21,3,122,mitsubishi,two,95.9,0.8322921672272945,0.9208333333333332,50.2,2833,four,156,3.58,3.86,7.0,145.0,5000.0,19,24,12629.0,12.36842105263158,medium,0,1,0.4532710280373832,12,0,0,1,0,0,0,0,1,0,0,1,0,0,1,0,0,0,1,0,0,0,0,0,0,0,1,0
2025-03-22,3,122,mitsubishi,two,95.9,0.8322921672272945,0.9208333333333332,50.2,2921,four,156,3.59,3.86,7.0,145.0,5000.0,19,24,10270.0,12.36842105263158,medium,0,1,0.4532710280373832,12,0,0,1,0,0,0,0,1,0,0,1,0,0,1,0,0,0,1,0,0,0,0,0,0,0,1,0
2025-03-23,3,122,mitsubishi,two,95.9,0.8322921672272945,0.9208333333333332,50.2,2926,four,156,3.59,3.86,7.0,145.0,5000.0,19,24,14489.0,12.36842105263158,medium,0,1,0.4532710280373832,12,0,0,1,0,0,0,0,1,0,0,1,0,0,1,0,0,0,1,0,0,0,0,0,0,0,1,0
2025-03-24,1,125,mitsubishi,four,96.3,0.8284478616049976,0.9083333333333334,51.6,2365,four,122,3.35,3.46,8.5,88.0,5000.0,25,32,6989.0,9.4,low,0,1,0.18691588785046728,12,0,0,0,1,0,0,0,1,0,1,0,0,0,1,0,0,0,1,0,0,1,0,0,0,0,0,0
2025-03-25,1,125,mitsubishi,four,96.3,0.8284478616049976,0.9083333333333334,51.6,2405,four,122,3.35,3.46,8.5,88.0,5000.0,25,32,8189.0,9.4,low,0,1,0.18691588785046728,12,0,0,0,1,0,0,0,1,0,1,0,0,0,1,0,0,0,1,0,0,1,0,0,0,0,0,0
2025-03-26,1,125,mitsubishi,four,96.3,0.8284478616049976,0.9083333333333334,51.6,2403,four,110,3.17,3.46,7.5,116.0,5500.0,23,30,9279.0,10.217391304347826,medium,0,1,0.3177570093457944,12,0,0,0,1,0,0,0,1,0,0,1,0,0,1,0,0,0,1,0,0,0,0,0,0,0,1,0
2025-03-27,-1,137,mitsubishi,four,96.3,0.8284478616049976,0.9083333333333334,51.6,2403,four,110,3.17,3.46,7.5,116.0,5500.0,23,30,9279.0,10.217391304347826,medium,0,1,0.3177570093457944,12,0,0,0,1,0,0,0,1,0,1,0,0,0,1,0,0,0,1,0,0,0,0,0,0,0,1,0
2025-03-28,1,128,nissan,two,94.5,0.794329649207112,0.8861111111111111,54.5,1889,four,97,3.15,3.29,9.4,69.0,5200.0,31,37,5499.0,7.580645161290323,low,0,1,0.09813084112149532,17,0,0,0,1,0,0,0,1,0,1,0,0,0,1,0,0,0,1,0,0,1,0,0,0,0,0,0
2025-03-29,1,128,nissan,two,94.5,0.794329649207112,0.8861111111111111,54.5,2017,four,103,2.99,3.47,21.9,55.0,4800.0,45,50,7099.0,5.222222222222221,low,1,0,0.03271028037383177,17,0,0,0,1,0,0,0,1,0,1,0,0,0,1,0,0,0,1,0,0,0,0,1,0,0,0,0
2025-03-30,1,128,nissan,two,94.5,0.794329649207112,0.8861111111111111,54.5,1918,four,97,3.15,3.29,9.4,69.0,5200.0,31,37,6649.0,7.580645161290323,low,0,1,0.09813084112149532,17,0,0,0,1,0,0,0,1,0,1,0,0,0,1,0,0,0,1,0,0,1,0,0,0,0,0,0
2025-03-31,1,122,nissan,four,94.5,0.794329649207112,0.8861111111111111,54.5,1938,four,97,3.15,3.29,9.4,69.0,5200.0,31,37,6849.0,7.580645161290323,low,0,1,0.09813084112149532,17,0,0,0,1,0,0,0,1,0,1,0,0,0,1,0,0,0,1,0,0,1,0,0,0,0,0,0
2025-01-04,1,103,nissan,four,94.5,0.8178760211436809,0.8861111111111111,53.5,2024,four,97,3.15,3.29,9.4,69.0,5200.0,31,37,7349.0,7.580645161290323,low,0,1,0.09813084112149532,17,0,0,1,0,0,0,0,1,0,1,0,0,0,1,0,0,0,1,0,0,1,0,0,0,0,0,0
2025-04-02,1,128,nissan,two,94.5,0.794329649207112,0.8861111111111111,54.5,1951,four,97,3.15,3.29,9.4,69.0,5200.0,31,37,7299.0,7.580645161290323,low,0,1,0.09813084112149532,17,0,0,0,1,0,0,0,1,0,1,0,0,0,1,0,0,0,1,0,0,1,0,0,0,0,0,0
2025-03-04,1,128,nissan,two,94.5,0.7957712638154734,0.8861111111111111,53.3,2028,four,97,3.15,3.29,9.4,69.0,5200.0,31,37,7799.0,7.580645161290323,low,0,1,0.09813084112149532,17,0,0,1,0,0,0,0,1,0,1,0,0,0,1,0,0,0,1,0,0,1,0,0,0,0,0,0
2025-04-04,1,122,nissan,four,94.5,0.794329649207112,0.8861111111111111,54.5,1971,four,97,3.15,3.29,9.4,69.0,5200.0,31,37,7499.0,7.580645161290323,low,0,1,0.09813084112149532,17,0,0,0,1,0,0,0,1,0,1,0,0,0,1,0,0,0,1,0,0,1,0,0,0,0,0,0
2025-05-04,1,103,nissan,four,94.5,0.8178760211436809,0.8861111111111111,53.5,2037,four,97,3.15,3.29,9.4,69.0,5200.0,31,37,7999.0,7.580645161290323,low,0,1,0.09813084112149532,17,0,0,0,0,1,0,0,1,0,1,0,0,0,1,0,0,0,1,0,0,1,0,0,0,0,0,0
2025-04-06,2,168,nissan,two,95.1,0.7803940413262855,0.8861111111111111,53.3,2008,four,97,3.15,3.29,9.4,69.0,5200.0,31,37,8249.0,7.580645161290323,low,0,1,0.09813084112149532,17,0,1,0,0,0,0,0,1,0,1,0,0,0,1,0,0,0,1,0,0,1,0,0,0,0,0,0
2025-07-04,0,106,nissan,four,97.2,0.8332532436328689,0.9055555555555556,54.7,2324,four,120,3.33,3.47,8.5,97.0,5200.0,27,34,8949.0,8.703703703703704,low,0,1,0.22897196261682243,17,0,0,1,0,0,0,0,1,0,1,0,0,0,1,0,0,0,1,0,0,1,0,0,0,0,0,0
2025-04-08,0,106,nissan,four,97.2,0.8332532436328689,0.9055555555555556,54.7,2302,four,120,3.33,3.47,8.5,97.0,5200.0,27,34,9549.0,8.703703703703704,low,0,1,0.22897196261682243,17,0,0,0,1,0,0,0,1,0,1,0,0,0,1,0,0,0,1,0,0,1,0,0,0,0,0,0
2025-09-04,0,128,nissan,four,100.4,0.8731379144641999,0.9236111111111112,55.1,3095,six,181,3.43,3.27,9.0,152.0,5200.0,17,22,13499.0,13.823529411764708,medium,0,1,0.48598130841121495,17,0,0,0,1,0,0,0,1,0,1,0,0,0,0,0,1,0,1,0,0,0,0,0,0,1,0,0
2025-04-10,0,108,nissan,four,100.4,0.8870735223450265,0.9236111111111112,56.1,3296,six,181,3.43,3.27,9.0,152.0,5200.0,17,22,14399.0,13.823529411764708,medium,0,1,0.48598130841121495,17,0,0,0,0,1,0,0,1,0,1,0,0,0,0,0,1,0,1,0,0,0,0,0,0,1,0,0
2025-11-04,0,108,toyota,four,100.4,0.8870735223450265,0.9236111111111112,55.1,3060,six,181,3.43,3.27,9.0,152.0,5200.0,19,25,13499.0,12.36842105263158,medium,0,1,0.48598130841121495,34,0,0,0,1,0,0,0,1,0,1,0,0,0,0,0,1,0,1,0,0,0,0,0,0,1,0,0
2025-04-12,3,194,nissan,two,91.3,0.8202787121576165,0.9430555555555556,49.7,3071,six,181,3.43,3.27,9.0,160.0,5200.0,19,25,17199.0,12.36842105263158,high,0,1,0.5233644859813084,17,0,0,1,0,0,0,0,0,1,1,0,0,0,0,0,1,0,1,0,0,0,0,0,0,1,0,0
2025-04-13,3,194,nissan,two,91.3,0.8202787121576165,0.9430555555555556,49.7,3139,six,181,3.43,3.27,7.8,200.0,5200.0,17,23,19699.0,13.823529411764708,high,0,1,0.7102803738317757,17,0,0,1,0,0,0,0,0,1,0,1,0,0,0,0,1,0,1,0,0,0,0,0,0,1,0,0
2025-04-14,1,231,nissan,two,99.2,0.8577606919750121,0.9430555555555556,49.7,3139,six,181,3.43,3.27,9.0,160.0,5200.0,19,25,18399.0,12.36842105263158,high,0,1,0.5233644859813084,17,0,0,1,0,0,0,0,0,1,1,0,0,0,0,0,1,0,1,0,0,0,0,0,0,1,0,0
2025-04-15,0,161,peugot,four,107.9,0.897164824603556,0.95,56.7,3020,four,120,3.46,3.19,8.4,97.0,5000.0,19,24,11900.0,12.36842105263158,low,0,1,0.22897196261682243,10,0,0,0,1,0,0,0,0,1,1,0,0,1,0,0,0,0,1,0,0,0,0,0,0,1,0,0
2025-04-16,0,161,peugot,four,107.9,0.897164824603556,0.95,56.7,3197,four,152,3.7,3.52,21.0,95.0,4150.0,28,33,13200.0,8.392857142857142,low,1,0,0.21962616822429906,10,0,0,0,1,0,0,0,0,1,0,1,0,1,0,0,0,0,1,0,0,0,0,1,0,0,0,0
2025-04-17,0,122,peugot,four,114.2,0.9557904853435848,0.95,58.7,3230,four,120,3.46,3.19,8.4,97.0,5000.0,19,24,12440.0,12.36842105263158,low,0,1,0.22897196261682243,10,0,0,0,0,1,0,0,0,1,1,0,0,1,0,0,0,0,1,0,0,0,0,0,0,1,0,0
2025-04-18,0,122,peugot,four,114.2,0.9557904853435848,0.95,58.7,3430,four,152,3.7,3.52,21.0,95.0,4150.0,25,25,13860.0,9.4,low,1,0,0.21962616822429906,10,0,0,0,0,1,0,0,0,1,0,1,0,1,0,0,0,0,1,0,0,0,0,1,0,0,0,0
2025-04-19,0,161,peugot,four,107.9,0.897164824603556,0.95,56.7,3075,four,120,3.46,2.19,8.4,95.0,5000.0,19,24,15580.0,12.36842105263158,low,0,1,0.21962616822429906,10,0,0,0,1,0,0,0,0,1,1,0,0,1,0,0,0,0,1,0,0,0,0,0,0,1,0,0
2025-04-20,0,161,peugot,four,107.9,0.897164824603556,0.95,56.7,3252,four,152,3.7,3.52,21.0,95.0,4150.0,28,33,16900.0,8.392857142857142,low,1,0,0.21962616822429906,10,0,0,0,1,0,0,0,0,1,0,1,0,1,0,0,0,0,1,0,0,0,0,1,0,0,0,0
2025-04-21,0,122,toyota,four,114.2,0.9557904853435848,0.95,56.7,3285,four,120,3.46,2.19,8.4,95.0,5000.0,19,24,16695.0,12.36842105263158,low,0,1,0.21962616822429906,34,0,0,0,0,1,0,0,0,1,1,0,0,1,0,0,0,0,1,0,0,0,0,0,0,1,0,0
2025-04-22,0,122,peugot,four,114.2,0.9557904853435848,0.95,58.7,3485,four,152,3.7,3.52,21.0,95.0,4150.0,25,25,17075.0,9.4,low,1,0,0.21962616822429906,10,0,0,0,0,1,0,0,0,1,0,1,0,1,0,0,0,0,1,0,0,0,0,1,0,0,0,0
2025-04-23,0,161,peugot,four,107.9,0.897164824603556,0.95,56.7,3075,four,120,3.46,3.19,8.4,97.0,5000.0,19,24,16630.0,12.36842105263158,low,0,1,0.22897196261682243,10,0,0,0,1,0,0,0,0,1,1,0,0,1,0,0,0,0,1,0,0,0,0,0,0,1,0,0
2025-04-24,0,161,peugot,four,107.9,0.897164824603556,0.95,56.7,3252,four,152,3.7,3.52,21.0,95.0,4150.0,28,33,17950.0,8.392857142857142,low,1,0,0.21962616822429906,10,0,0,0,1,0,0,0,0,1,0,1,0,1,0,0,0,0,1,0,0,0,0,1,0,0,0,0
2025-04-25,0,161,peugot,four,108.0,0.897164824603556,0.9486111111111112,56.0,3130,four,134,3.61,3.21,7.0,142.0,5600.0,18,24,18150.0,13.055555555555555,medium,0,1,0.4392523364485981,10,0,0,0,1,0,0,0,0,1,0,1,0,1,0,0,0,0,1,0,0,0,0,0,0,1,0,0
2025-04-26,1,119,plymouth,two,93.7,0.7558865929841423,0.8861111111111111,50.8,1918,four,90,2.97,3.23,9.4,68.0,5500.0,37,41,5572.0,6.351351351351353,low,0,1,0.09345794392523364,7,0,0,1,0,0,0,0,1,0,1,0,0,0,1,0,0,0,1,0,0,1,0,0,0,0,0,0
2025-04-27,1,119,plymouth,two,93.7,0.7558865929841423,0.8861111111111111,50.8,2128,four,98,3.03,3.39,7.6,102.0,5500.0,24,30,7957.0,9.791666666666666,medium,0,1,0.2523364485981308,7,0,0,1,0,0,0,0,1,0,0,1,0,0,1,0,0,0,1,0,0,0,0,0,0,0,1,0
2025-04-28,1,154,plymouth,four,93.7,0.7558865929841423,0.8861111111111111,50.6,1967,four,90,2.97,3.23,9.4,68.0,5500.0,31,38,6229.0,7.580645161290323,low,0,1,0.09345794392523364,7,0,0,1,0,0,0,0,1,0,1,0,0,0,1,0,0,0,1,0,0,1,0,0,0,0,0,0
2025-04-29,1,154,plymouth,four,93.7,0.8039404132628545,0.8861111111111111,50.8,1989,four,90,2.97,3.23,9.4,68.0,5500.0,31,38,6692.0,7.580645161290323,low,0,1,0.09345794392523364,7,0,0,0,1,0,0,0,1,0,1,0,0,0,1,0,0,0,1,0,0,1,0,0,0,0,0,0
2025-04-30,1,154,plymouth,four,93.7,0.8039404132628545,0.8861111111111111,50.8,2191,four,98,2.97,3.23,9.4,68.0,5500.0,31,38,7609.0,7.580645161290323,low,0,1,0.09345794392523364,7,0,0,0,1,0,0,0,1,0,1,0,0,0,1,0,0,0,1,0,0,1,0,0,0,0,0,0
2025-01-05,-1,74,plymouth,four,103.3,0.8390197020663143,0.8972222222222221,59.8,2535,four,122,3.35,3.46,8.5,95.0,5000.0,24,30,8921.0,9.791666666666666,low,0,1,0.21962616822429906,7,0,0,0,0,1,0,0,1,0,1,0,0,0,1,0,0,0,1,0,0,1,0,0,0,0,0,0
2025-05-02,3,122,plymouth,two,95.9,0.8322921672272945,0.9208333333333332,50.2,2818,four,156,3.59,3.86,7.0,145.0,5000.0,19,24,12764.0,12.36842105263158,medium,0,1,0.4532710280373832,7,0,0,1,0,0,0,0,0,1,0,1,0,0,1,0,0,0,1,0,0,0,0,0,0,0,1,0
2025-03-05,3,186,porsche,two,94.5,0.8116290245074483,0.9486111111111112,50.2,2778,four,151,3.94,3.11,9.5,143.0,5500.0,19,27,22018.0,12.36842105263158,medium,0,1,0.4439252336448598,4,0,0,1,0,0,0,0,0,1,1,0,0,0,1,0,0,0,1,0,0,0,0,0,0,1,0,0
2025-05-04,3,122,porsche,two,89.5,0.8116290245074483,0.9027777777777778,51.6,2756,six,194,3.74,2.9,9.5,207.0,5900.0,17,25,32528.0,13.823529411764708,high,0,1,0.7429906542056075,4,0,1,0,0,0,0,0,0,1,1,0,0,0,0,1,0,0,0,1,0,0,0,0,0,1,0,0
2025-05-05,3,122,porsche,two,89.5,0.8116290245074483,0.9027777777777778,51.6,2756,six,194,3.74,2.9,9.5,207.0,5900.0,17,25,34028.0,13.823529411764708,high,0,1,0.7429906542056075,4,0,1,0,0,0,0,0,0,1,1,0,0,0,0,1,0,0,0,1,0,0,0,0,0,1,0,0
2025-05-06,3,122,porsche,two,89.5,0.8116290245074483,0.9027777777777778,51.6,2800,six,194,3.74,2.9,9.5,207.0,5900.0,17,25,37028.0,13.823529411764708,high,0,1,0.7429906542056075,4,1,0,0,0,0,0,0,0,1,1,0,0,0,0,1,0,0,0,1,0,0,0,0,0,1,0,0
2025-07-05,0,122,renault,four,96.1,0.8721768380586257,0.9236111111111112,55.2,2579,four,132,3.46,3.9,8.7,104.256157635468,5125.369458128079,23,31,9295.0,10.217391304347826,medium,0,1,0.26287924128723367,2,0,0,0,0,1,0,0,1,0,1,0,0,0,1,0,0,0,1,0,0,0,0,0,0,1,0,0
2025-05-08,2,122,renault,two,96.1,0.8495915425276309,0.925,50.5,2460,four,132,3.46,3.9,8.7,104.256157635468,5125.369458128079,23,31,9895.0,10.217391304347826,medium,0,1,0.26287924128723367,2,0,0,1,0,0,0,0,1,0,1,0,0,0,1,0,0,0,1,0,0,0,0,0,0,1,0,0
2025-09-05,3,150,saab,two,99.1,0.8966842864007688,0.9236111111111112,56.1,2658,four,121,3.54,3.07,9.31,110.0,5250.0,21,28,11850.0,11.190476190476188,medium,0,1,0.2897196261682243,6,0,0,1,0,0,0,0,1,0,1,0,0,0,1,0,0,0,1,0,0,0,0,0,0,1,0,0
2025-05-10,2,104,saab,four,99.1,0.8966842864007688,0.9236111111111112,56.1,2695,four,121,3.54,3.07,9.3,110.0,5250.0,21,28,12170.0,11.190476190476188,medium,0,1,0.2897196261682243,6,0,0,0,1,0,0,0,1,0,1,0,0,0,1,0,0,0,1,0,0,0,0,0,0,1,0,0
2025-11-05,3,150,saab,two,99.1,0.8966842864007688,0.9236111111111112,56.1,2707,four,121,2.54,2.07,9.3,110.0,5250.0,21,28,15040.0,11.190476190476188,medium,0,1,0.2897196261682243,6,0,0,1,0,0,0,0,1,0,1,0,0,0,1,0,0,0,1,0,0,0,0,0,0,1,0,0
2025-05-12,2,104,saab,four,99.1,0.8966842864007688,0.9236111111111112,56.1,2758,four,121,3.54,3.07,9.3,110.0,5250.0,21,28,15510.0,11.190476190476188,medium,0,1,0.2897196261682243,6,0,0,0,1,0,0,0,1,0,1,0,0,0,1,0,0,0,1,0,0,0,0,0,0,1,0,0
2025-05-13,3,150,saab,two,99.1,0.8966842864007688,0.9236111111111112,56.1,2808,four,121,3.54,3.07,9.0,160.0,5500.0,19,26,18150.0,12.36842105263158,high,0,1,0.5233644859813084,6,0,0,1,0,0,0,0,1,0,0,1,1,0,0,0,0,0,1,0,0,0,0,0,0,1,0,0
2025-05-14,2,104,saab,four,99.1,0.8966842864007688,0.9236111111111112,56.1,2847,four,121,3.54,3.07,9.0,160.0,5500.0,19,26,18620.0,12.36842105263158,high,0,1,0.5233644859813084,6,0,0,0,1,0,0,0,1,0,0,1,1,0,0,0,0,0,1,0,0,0,0,0,0,1,0,0
2025-05-15,2,83,subaru,two,93.7,0.7539644401729938,0.8805555555555555,53.7,2050,four,97,3.62,2.36,9.0,69.0,4900.0,31,36,5118.0,7.580645161290323,low,0,1,0.09813084112149532,12,0,0,1,0,0,0,0,1,0,1,0,0,0,0,1,0,0,1,0,0,1,0,0,0,0,0,0
2025-05-16,2,83,subaru,two,93.7,0.758769822200865,0.8833333333333333,53.7,2120,four,108,3.62,2.64,8.7,73.0,4400.0,26,31,7053.0,9.038461538461537,low,0,1,0.11682242990654206,12,0,0,1,0,0,0,0,1,0,1,0,0,0,0,1,0,0,1,0,0,1,0,0,0,0,0,0
2025-05-17,2,83,subaru,two,93.3,0.7558865929841423,0.8861111111111111,55.7,2240,four,108,3.62,2.64,8.7,73.0,4400.0,26,31,7603.0,9.038461538461537,low,0,1,0.11682242990654206,12,0,0,1,0,0,1,0,0,0,1,0,0,0,0,1,0,0,1,0,0,1,0,0,0,0,0,0
2025-05-18,0,102,subaru,four,97.2,0.8265257087938491,0.9083333333333334,52.5,2145,four,108,3.62,2.64,9.5,82.0,4800.0,32,37,7126.0,7.34375,low,0,1,0.1588785046728972,12,0,0,0,1,0,0,0,1,0,1,0,0,0,0,1,0,0,1,0,0,1,0,0,0,0,0,0
2025-05-19,0,102,subaru,four,97.2,0.8265257087938491,0.9083333333333334,52.5,2190,four,108,3.62,2.64,9.5,82.0,4400.0,28,33,7775.0,8.392857142857142,low,0,1,0.1588785046728972,12,0,0,0,1,0,0,0,1,0,1,0,0,0,0,1,0,0,1,0,0,1,0,0,0,0,0,0
2025-05-20,0,102,subaru,four,97.2,0.8265257087938491,0.9083333333333334,52.5,2340,four,108,3.62,2.64,9.0,94.0,5200.0,26,32,9960.0,9.038461538461537,low,0,1,0.21495327102803738,12,0,0,0,1,0,0,0,1,0,1,0,0,0,0,1,0,0,1,0,0,0,0,0,0,1,0,0
,0,102,subaru,four,97.0,0.8265257087938491,0.9083333333333334,54.3,2385,four,108,3.62,2.64,9.0,82.0,4800.0,24,25,9233.0,9.791666666666666,low,0,1,0.1588785046728972,12,0,0,0,1,0,1,0,0,0,1,0,0,0,0,1,0,0,1,0,0,1,0,0,0,0,0,0
2025-05-22,0,102,subaru,four,97.0,0.8265257087938491,0.9083333333333334,54.3,2510,four,108,3.62,2.64,7.7,111.0,4800.0,24,29,11259.0,9.791666666666666,medium,0,1,0.29439252336448596,12,0,0,0,1,0,1,0,0,0,0,1,0,0,0,1,0,0,1,0,0,0,0,0,0,1,0,0
2025-05-23,0,89,subaru,four,97.0,0.8337337818356559,0.9083333333333334,53.0,2290,four,108,3.62,2.64,9.0,82.0,4800.0,28,32,7463.0,8.392857142857142,low,0,1,0.1588785046728972,12,0,0,0,0,1,0,0,1,0,1,0,0,0,0,1,0,0,1,0,0,1,0,0,0,0,0,0
2025-05-24,0,89,subaru,four,97.0,0.8337337818356559,0.9083333333333334,53.0,2455,four,108,3.62,2.64,9.0,94.0,5200.0,25,31,10198.0,9.4,low,0,1,0.21495327102803738,12,0,0,0,0,1,0,0,1,0,1,0,0,0,0,1,0,0,1,0,0,0,0,0,0,1,0,0
2025-05-25,0,85,subaru,four,96.9,0.8342143200384431,0.9083333333333334,54.9,2420,four,108,3.62,2.64,9.0,82.0,4800.0,23,29,8013.0,10.217391304347826,low,0,1,0.1588785046728972,12,0,0,0,0,1,1,0,0,0,1,0,0,0,0,1,0,0,1,0,0,1,0,0,0,0,0,0
2025-05-26,0,85,subaru,four,96.9,0.8342143200384431,0.9083333333333334,54.9,2650,four,108,3.62,2.64,7.7,111.0,4800.0,23,23,11694.0,10.217391304347826,medium,0,1,0.29439252336448596,12,0,0,0,0,1,1,0,0,0,0,1,0,0,0,1,0,0,1,0,0,0,0,0,0,1,0,0
2025-05-27,1,87,toyota,two,95.7,0.762614127823162,0.8833333333333333,54.5,1985,four,92,3.05,3.03,9.0,62.0,4800.0,35,39,5348.0,6.7142857142857135,low,0,1,0.06542056074766354,34,0,0,1,0,0,0,0,1,0,1,0,0,0,1,0,0,0,1,0,0,1,0,0,0,0,0,0
2025-05-28,1,87,toyota,two,95.7,0.762614127823162,0.8833333333333333,54.5,2040,four,92,3.05,3.03,9.0,62.0,4800.0,31,38,6338.0,7.580645161290323,low,0,1,0.06542056074766354,34,0,0,1,0,0,0,0,1,0,1,0,0,0,1,0,0,0,1,0,0,1,0,0,0,0,0,0
2025-05-29,1,74,toyota,four,95.7,0.762614127823162,0.8833333333333333,54.5,2015,four,92,3.05,3.03,9.0,62.0,4800.0,31,38,6488.0,7.580645161290323,low,0,1,0.06542056074766354,34,0,0,1,0,0,0,0,1,0,1,0,0,0,1,0,0,0,1,0,0,1,0,0,0,0,0,0
2025-05-30,0,77,toyota,four,95.7,0.8154733301297453,0.8833333333333333,59.1,2280,four,92,3.05,3.03,9.0,62.0,4800.0,31,37,6918.0,7.580645161290323,low,0,1,0.06542056074766354,34,0,0,0,0,1,0,0,1,0,1,0,0,0,1,0,0,0,1,0,0,1,0,0,0,0,0,0
2025-05-31,0,81,toyota,four,95.7,0.8154733301297453,0.8833333333333333,59.1,2290,four,92,3.05,3.03,9.0,62.0,4800.0,27,32,7898.0,8.703703703703704,low,0,1,0.06542056074766354,34,0,0,0,0,1,1,0,0,0,1,0,0,0,1,0,0,0,1,0,0,1,0,0,0,0,0,0
2025-06-01,0,91,toyota,four,95.7,0.8154733301297453,0.8833333333333333,59.1,3110,four,92,3.05,3.03,9.0,62.0,4800.0,27,32,8778.0,8.703703703703704,low,0,1,0.06542056074766354,34,0,0,0,0,1,1,0,0,0,1,0,0,0,1,0,0,0,1,0,0,1,0,0,0,0,0,0
2025-02-06,0,91,toyota,four,95.7,0.7991350312349833,0.8944444444444445,53.0,2081,four,98,3.19,3.03,9.0,70.0,4800.0,30,37,6938.0,7.833333333333332,low,0,1,0.102803738317757,34,0,0,0,1,0,0,0,1,0,1,0,0,0,1,0,0,0,1,0,0,1,0,0,0,0,0,0
2025-06-03,0,91,toyota,four,95.7,0.7991350312349833,0.8944444444444445,52.8,2109,four,98,3.19,3.03,9.0,70.0,4800.0,30,37,7198.0,7.833333333333332,low,0,1,0.102803738317757,34,0,0,1,0,0,0,0,1,0,1,0,0,0,1,0,0,0,1,0,0,1,0,0,0,0,0,0
2025-04-06,0,91,toyota,four,95.7,0.7991350312349833,0.8944444444444445,53.0,2275,four,110,3.27,3.35,22.5,56.0,4500.0,34,36,7898.0,6.911764705882352,low,1,0,0.037383177570093455,34,0,0,0,1,0,0,0,1,0,1,0,0,0,1,0,0,0,1,0,0,0,0,1,0,0,0,0
2025-06-05,0,91,toyota,four,95.7,0.7991350312349833,0.8944444444444445,52.8,2275,four,110,3.27,3.35,22.5,56.0,4500.0,38,47,7788.0,6.184210526315789,low,1,0,0.037383177570093455,34,0,0,1,0,0,0,0,1,0,1,0,0,0,1,0,0,0,1,0,0,0,0,1,0,0,0,0
2025-06-06,0,91,toyota,four,95.7,0.7991350312349833,0.8944444444444445,53.0,2094,four,98,3.19,3.03,9.0,70.0,4800.0,38,47,7738.0,6.184210526315789,low,0,1,0.102803738317757,34,0,0,0,1,0,0,0,1,0,1,0,0,0,1,0,0,0,1,0,0,1,0,0,0,0,0,0
2025-06-07,0,91,toyota,four,95.7,0.7991350312349833,0.8944444444444445,52.8,2122,four,98,3.19,3.03,9.0,70.0,4800.0,28,34,8358.0,8.392857142857142,low,0,1,0.102803738317757,34,0,0,1,0,0,0,0,1,0,1,0,0,0,1,0,0,0,1,0,0,1,0,0,0,0,0,0
2025-08-06,0,91,toyota,four,95.7,0.7991350312349833,0.8944444444444445,52.8,2140,four,98,3.19,3.03,9.0,70.0,4800.0,28,34,9258.0,8.392857142857142,low,0,1,0.102803738317757,34,0,0,0,1,0,0,0,1,0,1,0,0,0,1,0,0,0,1,0,0,1,0,0,0,0,0,0
2025-06-09,1,168,toyota,two,94.5,0.810667948101874,0.8888888888888888,52.6,2169,four,98,3.19,3.03,9.0,70.0,4800.0,29,34,8058.0,8.103448275862071,low,0,1,0.102803738317757,34,0,0,0,1,0,0,0,0,1,1,0,0,0,1,0,0,0,1,0,0,1,0,0,0,0,0,0
2025-10-06,1,168,toyota,two,94.5,0.810667948101874,0.8888888888888888,52.6,2204,four,98,3.19,3.03,9.0,70.0,4800.0,29,34,8238.0,8.103448275862071,low,0,1,0.102803738317757,34,0,0,1,0,0,0,0,0,1,1,0,0,0,1,0,0,0,1,0,0,1,0,0,0,0,0,0
2025-06-11,1,168,toyota,two,94.5,0.810667948101874,0.8888888888888888,52.6,2265,four,98,3.24,3.08,9.4,112.0,6600.0,26,29,9298.0,9.038461538461537,medium,0,1,0.29906542056074764,34,0,0,0,1,0,0,0,0,1,1,0,1,0,0,0,0,0,1,0,0,0,0,0,0,1,0,0
2025-12-06,1,168,toyota,two,94.5,0.810667948101874,0.8888888888888888,52.6,2300,four,98,3.24,3.08,9.4,112.0,6600.0,26,29,9538.0,9.038461538461537,medium,0,1,0.29906542056074764,34,0,0,1,0,0,0,0,0,1,1,0,1,0,0,0,0,0,1,0,0,0,0,0,0,1,0,0
2025-06-13,2,134,toyota,two,98.4,0.8467083133109082,0.9111111111111108,52.0,2540,four,146,3.62,3.5,9.3,116.0,4800.0,24,30,8449.0,9.791666666666666,medium,0,1,0.3177570093457944,34,0,1,0,0,0,0,0,0,1,1,0,0,0,1,0,0,0,1,0,0,0,0,0,0,1,0,0
2025-06-14,2,134,toyota,two,98.4,0.8467083133109082,0.9111111111111108,52.0,2536,four,146,3.62,3.5,9.3,116.0,4800.0,24,30,9639.0,9.791666666666666,medium,0,1,0.3177570093457944,34,0,1,0,0,0,0,0,0,1,1,0,0,0,1,0,0,0,1,0,0,0,0,0,0,1,0,0
2025-06-15,2,134,toyota,two,98.4,0.8467083133109082,0.9111111111111108,52.0,2551,four,146,3.62,3.5,9.3,116.0,4800.0,24,30,9989.0,9.791666666666666,medium,0,1,0.3177570093457944,34,0,0,1,0,0,0,0,0,1,1,0,0,0,1,0,0,0,1,0,0,0,0,0,0,1,0,0
2025-06-16,2,134,toyota,two,98.4,0.8467083133109082,0.9111111111111108,52.0,2679,four,146,3.62,3.5,9.3,116.0,4800.0,24,30,11199.0,9.791666666666666,medium,0,1,0.3177570093457944,34,0,1,0,0,0,0,0,0,1,1,0,0,0,1,0,0,0,1,0,0,0,0,0,0,1,0,0
2025-06-17,2,134,toyota,two,98.4,0.8467083133109082,0.9111111111111108,52.0,2714,four,146,3.62,3.5,9.3,116.0,4800.0,24,30,11549.0,9.791666666666666,medium,0,1,0.3177570093457944,34,0,0,1,0,0,0,0,0,1,1,0,0,0,1,0,0,0,1,0,0,0,0,0,0,1,0,0
2025-06-18,2,134,toyota,two,98.4,0.8467083133109082,0.9111111111111108,53.0,2975,four,146,3.62,3.5,9.3,116.0,4800.0,24,30,17669.0,9.791666666666666,medium,0,1,0.3177570093457944,34,1,0,0,0,0,0,0,0,1,1,0,0,0,1,0,0,0,1,0,0,0,0,0,0,1,0,0
2025-06-19,-1,65,toyota,four,102.4,0.8438250840941854,0.9236111111111112,54.9,2326,four,122,3.31,3.54,8.7,92.0,4200.0,29,34,8948.0,8.103448275862071,low,0,1,0.205607476635514,34,0,0,0,1,0,0,0,1,0,1,0,0,0,1,0,0,0,1,0,0,0,0,0,0,1,0,0
2025-06-20,-1,65,toyota,four,102.4,0.8438250840941854,0.9236111111111112,54.9,2480,four,110,3.27,3.35,22.5,73.0,4500.0,30,33,10698.0,7.833333333333332,low,1,0,0.11682242990654206,34,0,0,0,1,0,0,0,1,0,0,1,0,0,1,0,0,0,1,0,0,0,0,1,0,0,0,0
2025-06-21,-1,65,toyota,four,102.4,0.8438250840941854,0.9236111111111112,53.9,2414,four,122,3.31,3.54,8.7,92.0,4200.0,27,32,9988.0,8.703703703703704,low,0,1,0.205607476635514,34,0,0,1,0,0,0,0,1,0,1,0,0,0,1,0,0,0,1,0,0,0,0,0,0,1,0,0
2025-06-22,-1,65,toyota,four,102.4,0.8438250840941854,0.9236111111111112,54.9,2414,four,122,3.31,3.54,8.7,92.0,4200.0,27,32,10898.0,8.703703703703704,low,0,1,0.205607476635514,34,0,0,0,1,0,0,0,1,0,1,0,0,0,1,0,0,0,1,0,0,0,0,0,0,1,0,0
2025-06-23,-1,65,toyota,four,102.4,0.8438250840941854,0.9236111111111112,53.9,2458,four,122,3.31,3.54,8.7,92.0,4200.0,27,32,11248.0,8.703703703703704,low,0,1,0.205607476635514,34,0,0,1,0,0,0,0,1,0,1,0,0,0,1,0,0,0,1,0,0,0,0,0,0,1,0,0
2025-06-24,3,197,toyota,two,102.9,0.8817876021143681,0.9402777777777778,52.0,2976,six,171,3.27,3.35,9.3,161.0,5200.0,20,24,16558.0,11.75,high,0,1,0.5280373831775701,34,0,0,1,0,0,0,0,0,1,1,0,1,0,0,0,0,0,1,0,0,0,0,0,0,1,0,0
2025-06-25,3,197,toyota,two,102.9,0.8817876021143681,0.9402777777777778,52.0,3016,six,171,3.27,3.35,9.3,161.0,5200.0,19,24,15998.0,12.36842105263158,high,0,1,0.5280373831775701,34,0,0,1,0,0,0,0,0,1,1,0,1,0,0,0,0,0,1,0,0,0,0,0,0,1,0,0
2025-06-26,-1,90,toyota,four,104.5,0.9024507448342144,0.9236111111111112,54.1,3131,six,171,3.27,3.35,9.2,156.0,5200.0,20,24,15690.0,11.75,high,0,1,0.5046728971962616,34,0,0,0,1,0,0,0,0,1,1,0,1,0,0,0,0,0,1,0,0,0,0,0,0,1,0,0
2025-06-27,-1,122,toyota,four,104.5,0.9024507448342144,0.9236111111111112,54.1,3151,six,161,3.27,3.35,9.2,156.0,5200.0,19,24,15750.0,12.36842105263158,high,0,1,0.5046728971962616,34,0,0,0,0,1,0,0,0,1,1,0,1,0,0,0,0,0,1,0,0,0,0,0,0,1,0,0
2025-06-28,2,122,volkswagen,two,97.3,0.8250840941854877,0.9097222222222222,55.7,2261,four,97,3.01,3.4,23.0,52.0,4800.0,37,46,7775.0,6.351351351351353,low,1,0,0.018691588785046728,12,0,0,0,1,0,0,0,1,0,1,0,0,0,1,0,0,0,1,0,0,0,0,1,0,0,0,0
2025-06-29,2,122,volkswagen,two,97.3,0.8250840941854877,0.9097222222222222,55.7,2209,four,109,3.19,3.4,9.0,85.0,5250.0,27,34,7975.0,8.703703703703704,low,0,1,0.17289719626168223,12,0,0,0,1,0,0,0,1,0,1,0,0,0,1,0,0,0,1,0,0,0,0,0,0,1,0,0
2025-06-30,2,94,volkswagen,four,97.3,0.8250840941854877,0.9097222222222222,55.7,2264,four,97,3.01,3.4,23.0,52.0,4800.0,37,46,7995.0,6.351351351351353,low,1,0,0.018691588785046728,12,0,0,0,1,0,0,0,1,0,1,0,0,0,1,0,0,0,1,0,0,0,0,1,0,0,0,0
2025-07-01,2,94,volkswagen,four,97.3,0.8250840941854877,0.9097222222222222,55.7,2212,four,109,3.19,3.4,9.0,85.0,5250.0,27,34,8195.0,8.703703703703704,low,0,1,0.17289719626168223,12,0,0,0,1,0,0,0,1,0,1,0,0,0,1,0,0,0,1,0,0,0,0,0,0,1,0,0
2025-02-07,2,94,volkswagen,four,97.3,0.8250840941854877,0.9097222222222222,55.7,2275,four,109,3.19,3.4,9.0,85.0,5250.0,27,34,8495.0,8.703703703703704,low,0,1,0.17289719626168223,12,0,0,0,1,0,0,0,1,0,1,0,0,0,1,0,0,0,1,0,0,0,0,0,0,1,0,0
2025-07-03,2,94,volkswagen,four,97.3,0.8250840941854877,0.9097222222222222,55.7,2319,four,97,3.01,3.4,23.0,68.0,4500.0,37,42,9495.0,6.351351351351353,low,1,0,0.09345794392523364,12,0,0,0,1,0,0,0,1,0,0,1,0,0,1,0,0,0,1,0,0,0,0,1,0,0,0,0
2025-04-07,2,94,volkswagen,four,97.3,0.8250840941854877,0.9097222222222222,55.7,2300,four,109,3.19,3.4,10.0,100.0,5500.0,26,32,9995.0,9.038461538461537,low,0,1,0.24299065420560748,12,0,0,0,1,0,0,0,1,0,1,0,0,0,1,0,0,0,1,0,0,0,0,0,0,1,0,0
2025-07-05,3,122,volkswagen,two,94.5,0.7654973570398848,0.8916666666666667,55.6,2254,four,109,3.19,3.4,8.5,90.0,5500.0,24,29,11595.0,9.791666666666666,low,0,1,0.19626168224299065,12,1,0,0,0,0,0,0,1,0,1,0,0,0,1,0,0,0,1,0,0,0,0,0,0,1,0,0
2025-06-07,3,256,volkswagen,two,94.5,0.7962518020182604,0.8888888888888888,51.4,2221,four,109,3.19,3.4,8.5,90.0,5500.0,24,29,9980.0,9.791666666666666,low,0,1,0.19626168224299065,12,0,0,1,0,0,0,0,1,0,1,0,0,0,1,0,0,0,1,0,0,0,0,0,0,1,0,0
2025-07-07,0,122,volkswagen,four,100.4,0.8659298414223928,0.9291666666666668,55.1,2661,five,136,3.19,3.4,8.5,110.0,5500.0,19,24,13295.0,12.36842105263158,medium,0,1,0.2897196261682243,12,0,0,0,1,0,0,0,1,0,1,0,0,0,1,0,0,0,1,0,0,0,0,0,0,1,0,0
2025-08-07,0,122,volkswagen,four,100.4,0.8659298414223928,0.9291666666666668,55.1,2579,four,97,3.01,3.4,23.0,68.0,4500.0,33,38,13845.0,7.121212121212121,low,1,0,0.09345794392523364,12,0,0,0,1,0,0,0,1,0,0,1,0,0,1,0,0,0,1,0,0,0,0,1,0,0,0,0
2025-07-09,0,122,volkswagen,four,100.4,0.8798654493032196,0.9291666666666668,55.1,2563,four,109,3.19,3.4,9.0,88.0,5500.0,25,31,12290.0,9.4,low,0,1,0.18691588785046728,12,0,0,0,0,1,0,0,1,0,1,0,0,0,1,0,0,0,1,0,0,0,0,0,0,1,0,0
2025-10-07,-2,103,volvo,four,104.3,0.9072561268620856,0.9333333333333332,56.2,2912,four,141,3.78,3.15,9.5,114.0,5400.0,23,28,12940.0,10.217391304347826,medium,0,1,0.308411214953271,11,0,0,0,1,0,0,0,0,1,1,0,0,0,1,0,0,0,1,0,0,0,0,0,0,1,0,0
2025-07-11,-1,74,volvo,four,104.3,0.9072561268620856,0.9333333333333332,57.5,3034,four,141,3.78,3.15,9.5,114.0,5400.0,23,28,13415.0,10.217391304347826,medium,0,1,0.308411214953271,11,0,0,0,0,1,0,0,0,1,1,0,0,0,1,0,0,0,1,0,0,0,0,0,0,1,0,0
2025-12-07,-2,103,volvo,four,104.3,0.9072561268620856,0.9333333333333332,56.2,2935,four,141,3.78,3.15,9.5,114.0,5400.0,24,28,15985.0,9.791666666666666,medium,0,1,0.308411214953271,11,0,0,0,1,0,0,0,0,1,1,0,0,0,1,0,0,0,1,0,0,0,0,0,0,1,0,0
2025-07-13,-1,74,volvo,four,104.3,0.9072561268620856,0.9333333333333332,57.5,3042,four,141,3.78,3.15,9.5,114.0,5400.0,24,28,16515.0,9.791666666666666,medium,0,1,0.308411214953271,11,0,0,0,0,1,0,0,0,1,1,0,0,0,1,0,0,0,1,0,0,0,0,0,0,1,0,0
2025-07-14,-2,103,volvo,four,104.3,0.9072561268620856,0.9333333333333332,56.2,3045,four,130,3.62,3.15,7.5,162.0,5100.0,17,22,18420.0,13.823529411764708,high,0,1,0.5327102803738317,11,0,0,0,1,0,0,0,0,1,0,1,0,0,1,0,0,0,1,0,0,0,0,0,0,1,0,0
2025-07-15,-1,74,volvo,four,104.3,0.9072561268620856,0.9333333333333332,57.5,3157,four,130,3.62,3.15,7.5,162.0,5100.0,17,22,18950.0,13.823529411764708,high,0,1,0.5327102803738317,11,0,0,0,0,1,0,0,0,1,0,1,0,0,1,0,0,0,1,0,0,0,0,0,0,1,0,0
2025-07-16,-1,95,volvo,four,109.1,0.9072561268620856,0.9569444444444444,55.5,2952,four,141,3.78,3.15,9.5,114.0,5400.0,23,28,16845.0,10.217391304347826,medium,0,1,0.308411214953271,11,0,0,0,1,0,0,0,0,1,1,0,0,0,1,0,0,0,1,0,0,0,0,0,0,1,0,0
2025-07-17,-1,95,volvo,four,109.1,0.9072561268620856,0.9555555555555556,55.5,3049,four,141,3.78,3.15,8.7,160.0,5300.0,19,25,19045.0,12.36842105263158,high,0,1,0.5233644859813084,11,0,0,0,1,0,0,0,0,1,0,1,0,0,1,0,0,0,1,0,0,0,0,0,0,1,0,0
2025-07-18,-1,95,volvo,four,109.1,0.9072561268620856,0.9569444444444444,55.5,3012,six,173,3.58,2.87,8.8,134.0,5500.0,18,23,21485.0,13.055555555555555,medium,0,1,0.40186915887850466,11,0,0,0,1,0,0,0,0,1,1,0,0,0,0,0,1,0,1,0,0,0,0,0,0,1,0,0
2025-07-19,-1,95,volvo,four,109.1,0.9072561268620856,0.9569444444444444,55.5,3217,six,145,3.01,3.4,23.0,106.0,4800.0,26,27,22470.0,9.038461538461537,medium,1,0,0.27102803738317754,11,0,0,0,1,0,0,0,0,1,0,1,0,0,1,0,0,0,1,0,0,0,0,1,0,0,0,0
2025-07-20,-1,95,volvo,four,109.1,0.9072561268620856,0.9569444444444444,55.5,3062,four,141,3.78,3.15,9.5,114.0,5400.0,19,25,22625.0,12.36842105263158,medium,0,1,0.308411214953271,11,0,0,0,1,0,0,0,0,1,0,1,0,0,1,0,0,0,1,0,0,0,0,0,0,1,0,0
